1,Kevin,George,kgeorge0@vistaprint.com,Male,kgeorge0,FKaXHld
2,Helen,Arnold,harnold1@ucoz.ru,Female,harnold1,AxnlSNP
3,Kelly,Bishop,kbishop2@umich.edu,Female,kbishop2,H4RK1MUG
4,Henry,Hall,hhall3@barnesandnoble.com,Male,hhall3,YiYU4ye
5,Paul,Graham,pgraham4@exblog.jp,Male,pgraham4,AoKLhHvKb2u
6,Marilyn,Jackson,mjackson5@rediff.com,Female,mjackson5,4ObMCnWHTs3
7,Sandra,Holmes,sholmes6@tripod.com,Female,sholmes6,94aBZaug
8,Annie,Reed,areed7@smh.com.au,Female,areed7,aDsmZ9JRj
9,Carolyn,Rodriguez,crodriguez8@nymag.com,Female,crodriguez8,6qfJMx
10,Tina,Wood,twood9@meetup.com,Female,twood9,s1rbIsPkvysW
